[
  {
    "key": "REDZINY",
    "IP": [
      "200.71.121.166",
      "177.79.113.56",
      "177.104.17.9",
      "177.79.116.89",
      "144.91.126.128",
      "177.79.112.54",
      "177.79.113.72",
      "149.78.186.120",
      "154.53.46.6",
      "177.104.18.1",
      "177.104.21.19",
      "177.104.17.53",
      "157.173.121.207",
      "162.254.36.176",
      "45.237.197.236",
      "177.200.161.134",
      "45.237.197.177",
      "45.237.197.114",
      "177.128.179.127",
      "189.48.84.185",
      null,
      null
    ]
  },
  {
    "key": "divinity",
    "IP": [
      null
    ]
  },
  {
    "key": "gojo",
    "IP": [
      null,
      "127.0.0.1"
    ]
  },
  {
    "key": "Felix-Vip",
    "IP": [
      null,
      null,
      null,
      null,
      null,
      null
    ]
  },
  {
    "key": "ApisVip",
    "IP": [
      null,
      "127.0.0.1",
      null,
      null,
      null,
      null,
      null,
      null,
      null,
      null,
      null,
      null,
      null,
      null,
      null,
      null,
      null
    ]
  }
]